id;first_name;last_name;address;city;telephone
1;Patricio;Saucedo;estatica Infraestructura;Murcia Juana;913 835 387
2;Olivia;Rael;Groenlandia International;Tovarbury;978 594 646
3;José Luis;Valenzuela;paralelismo Buckinghamshire;Manresa Adriana;935 425 552
4;Olivia;Niño;Ergonómico ubiquitous;Valdemoro Benjamíntown;919-287-445
5;María Cristina;Ávalos;JSON;Almería Carlotamouth;943-924-558
6;Lucía;Corral;invoice Morado;Lunamouth;918170725
7;Josefina;Montenegro;Avon;Lorca Arturo;995988919
8;Raúl;Lara;Madrid;Moyatown;966-400-986
9;Leticia;Salas;Yen;Bandamouth;932-823-687
10;Ramona;Ureña;niches datos;Pontevedra Beatriz;997320050
