id;first_name;last_name;address_name;cellphone_number;email;address_id
1;Roberto;Crespo;payment Japón Dollar;30839;Emilia_Rocha@gmail.com;1
2;Sonia;Guerra;discreta plug-and-play envisioneer;94328;Ramn_Mota@hotmail.com;2
3;Rosalia;Cazares;e-markets;94625;Guillermina28@gmail.com;3
4;Raúl;Urrutia;PNG Informática compressing;44787;Daniela.Abrego89@hotmail.com;4
5;Mariana;Véliz;Guapo;37124;Ramona.Rincn@gmail.com;5
6;Conchita;Lugo;Madera Algodón Metal;13754;Ignacio_Gaitn@gmail.com;6
7;Adriana;Luevano;Guapa;1397;Leticia67@gmail.com;7
8;Lucas;Trujillo;lateral Hryvnia;29430;LuisMiguel.Arce45@gmail.com;8
9;Beatriz;Escobedo;haptic;464;Reina_Jquez16@yahoo.com;9
10;Jorge Luis;Cazares;bandwidth Murcia;80313;Jos62@hotmail.com;10
